Dataset,Method,M,SMSE_mean,SMSE_std,MSLL_mean,MSLL_std,TrainTime_mspt_mean,TrainTime_mspt_std
KIN40K,POE,100,0.543562159221317,0.0642294409842474,-0.339435326547815,0.0518939992798956,0.0428849416666667,0.00154783847052376
KIN40K,POE,200,0.329910448124494,0.0207696559065233,-0.615288828813535,0.0264979123965731,0.0503976916666667,0.00211979236458629
KIN40K,POE,300,0.24946401655092,0.0285640600971979,-0.776967594754815,0.0373807925064051,0.0562951583333333,0.000717666871855136
KIN40K,POE,400,0.184934458929715,0.0155871233548447,-0.940102787986759,0.029813663222151,0.0647263333333333,0.00178078971339497
KIN40K,POE,500,0.150110779101477,0.0128960542588354,-1.0560719250671,0.0285890540230885,0.075670725,0.00070103255585957
KIN40K,POE,600,0.12904065417924,0.0072012775200383,-1.14144068036078,0.0153255440639315,0.0810098416666667,0.000494007936634967
KIN40K,POE,700,0.115223053719013,0.00438493845056507,-1.18462542693615,0.029493948343082,0.090147375,0.00324917980929418
KIN40K,POE,800,0.102923090912924,0.00157282965998349,-1.23749615703367,0.0118161429619177,0.0954347583333333,0.000603432428038406
KIN40K,POE,900,0.0925601594732127,0.00338500074927225,-1.28424178212416,0.00588880192254417,0.110202241666667,0.00086410700304322
KIN40K,POE,1000,0.0871434998568793,0.0100057309120973,-1.30834999568638,0.036040342268947,0.123277375,0.00546679899592761
KIN40K,POE,1100,0.082135272363117,0.00376328512437224,-1.31208868854185,0.0381425514046051,0.135415116666667,0.00507969818064599
KIN40K,POE,1200,0.0777329286076605,0.00161268245384284,-1.34185955278568,0.0128016451179918,0.141798225,0.000344771100695796
KIN40K,POE,1300,0.0726827326405904,0.00657578627383443,-1.33335080193745,0.0550573607739978,0.1516533,0.00194930873628962
KIN40K,POE,1400,0.0684052599638363,0.00352658686023608,-1.37760927405377,0.0202239489917789,0.161427075,0.00153887008406331
KIN40K,POE,1500,0.0637832939184781,0.00365041511046148,-1.38477084329082,0.0412090842990167,0.171046108333333,0.00116489377636263
KIN40K,POE,1600,0.0650165719944164,0.00528130478996184,-1.34963617202416,0.0654317230632269,0.181377741666667,0.00351904437324018
KIN40K,POE,1700,0.0579975215507998,0.00175843594396937,-1.35659538137219,0.0529136322658828,0.190403083333333,0.00150400524731742
KIN40K,POE,1800,0.0563945520595298,0.000684560821779726,-1.4029129372634,0.0416230320414653,0.20106,0.00198992694102698
KIN40K,POE,1900,0.0539932739515724,0.00284863479817793,-1.35881782185225,0.035871192152234,0.209276083333333,0.00213001626832601
KIN40K,POE,2000,0.0518182877138596,0.00205183975204918,-1.37135137844841,0.0727325393367064,0.213837966666667,0.00040222150328933
KIN40K,POE,2100,0.050938247137712,0.00245959142374208,-1.35061995486414,0.06557589320223,0.229227366666667,0.00367520089045597
KIN40K,POE,2200,0.0479663329280699,0.00099829495495032,-1.34183586799266,0.0579346350884528,0.221681483333333,0.00512141006226153
KIN40K,POE,2300,0.0465887073787364,0.00234068971398194,-1.30562053415538,0.0836240690669001,0.231660758333333,0.00437980659963524
KIN40K,POE,2400,0.0463234452690778,0.00355738996039879,-1.30549486035976,0.108960945619871,0.244953941666667,0.00296955582540696
KIN40K,POE,2500,0.0446970186949098,0.00314371324272252,-1.32324429102713,0.0624371989640926,0.254858183333333,0.000456092379851198
KIN40K,GPOE,100,0.549673886869399,0.0667126849115964,-0.333565815339784,0.0539193416267008,0.0395855083333333,0.000175726286332843
KIN40K,GPOE,200,0.335992355378311,0.0210863410540828,-0.606178726256664,0.0267087961825472,0.0473172,0.000791273887080192
KIN40K,GPOE,300,0.255301466952685,0.030251963240506,-0.764632334288215,0.0405730596196944,0.054499725,0.000389746615604292
KIN40K,GPOE,400,0.189626638085927,0.0164898224805377,-0.927281843850619,0.032239114448571,0.0625305583333333,0.000511100089472053
KIN40K,GPOE,500,0.153963067821181,0.0136320479163325,-1.04355624289399,0.0307491981849742,0.0742376666666667,0.00275259813691235
KIN40K,GPOE,600,0.13298178414995,0.00773236824664697,-1.12688879693474,0.018627974803225,0.0819794333333333,0.000709778316771042
KIN40K,GPOE,700,0.118942459576854,0.00490182868233334,-1.16780572488944,0.0341558453237552,0.0888638,0.0013612094307545
KIN40K,GPOE,800,0.106297719856519,0.00179629143392592,-1.2195676013202,0.0143220283062485,0.0969560333333333,0.000521397843142197
KIN40K,GPOE,900,0.095513679516579,0.0036885050458451,-1.26697992670613,0.00698631525107282,0.108010683333333,0.00107212612957074
KIN40K,GPOE,1000,0.0899838586658269,0.0105981769724473,-1.2927828956061,0.0393803791753309,0.117056833333333,0.00296126623046769
KIN40K,GPOE,1100,0.0845743852694724,0.00381449925162913,-1.29576819582548,0.0410430029686208,0.133752616666667,0.0015469643669808
KIN40K,GPOE,1200,0.0804472886526039,0.00197705220054918,-1.3204603146484,0.0195805134453166,0.143329925,0.000933887043490799
KIN40K,GPOE,1300,0.0744572396418344,0.00692081205184961,-1.32027274764251,0.0578886080059454,0.154316016666667,0.000826688711945622
KIN40K,GPOE,1400,0.0700276233439601,0.00349784416099801,-1.36692021912671,0.0192612714166762,0.161228525,0.00243166456349863
KIN40K,GPOE,1500,0.0649428229509845,0.00361187201819284,-1.37984387176238,0.0445491995651586,0.1701713,0.00440384892856521
KIN40K,GPOE,1600,0.0665090684250633,0.00588679951886716,-1.3416229736571,0.0710334422844006,0.179875558333333,0.00525572949636475
KIN40K,GPOE,1700,0.059051402935706,0.00167700462775281,-1.35261641852825,0.0533893799319138,0.190069991666667,0.00199928717317781
KIN40K,GPOE,1800,0.0571834675062218,0.000919843288926191,-1.40569173778745,0.0460339874736929,0.200356875,0.00178287725110283
KIN40K,GPOE,1900,0.054692567602337,0.00297706763875279,-1.36228447862526,0.0340685529064492,0.210150525,0.00388554749528622
KIN40K,GPOE,2000,0.05247860800069,0.00194633747342504,-1.37983403182407,0.0696814492744239,0.220868933333333,0.00113463642699252
KIN40K,GPOE,2100,0.0514213380119218,0.00232011299421621,-1.35595412042953,0.0696545335413758,0.23216035,0.000989234520664854
KIN40K,GPOE,2200,0.048199500733408,0.000907648709917044,-1.35977658656478,0.0584083215871775,0.2248082,0.00368375865760773
KIN40K,GPOE,2300,0.0468572643746507,0.00244019703852279,-1.32288883013364,0.0882090643569466,0.236902275,0.0017685925087128
KIN40K,GPOE,2400,0.0465980477624225,0.00351170440857209,-1.32732369473767,0.105339621386768,0.247699191666667,0.00270857742139825
KIN40K,GPOE,2500,0.045000900296567,0.00333856398503137,-1.34813615428671,0.0546015986177645,0.258450758333333,0.00137860892350163
KIN40K,MOE,100,0.511598515998788,0.0442426001804032,-0.368259540621276,0.0354506799173166,0.0379512,0.000420073449678747
KIN40K,MOE,200,0.308380357391745,0.0176167303386688,-0.643314490370254,0.0241926301887423,0.0440845333333333,0.000386997371868765
KIN40K,MOE,300,0.230716965238447,0.0188543130622742,-0.811617125547931,0.0184396880315167,0.050272825,0.000812219410011849
KIN40K,MOE,400,0.176445404483715,0.0109343825524243,-0.956748709123234,0.0119236060115364,0.05777925,0.00137026761095233
KIN40K,MOE,500,0.148033835572469,0.00861317134016581,-1.05095275476662,0.0148753520950966,0.0676597833333333,0.00191600039540923
KIN40K,MOE,600,0.130408719208931,0.00522465093383829,-1.11725508438046,0.00499845045217356,0.0733833416666667,0.00131293440842768
KIN40K,MOE,700,0.119161551967271,0.00401621789179021,-1.14631173656764,0.0128580191610121,0.0817272166666667,0.00233024251076113
KIN40K,MOE,800,0.110816827105824,0.00138259488998017,-1.17046271804832,0.0106979625777496,0.0867262833333333,0.000376046269039237
KIN40K,MOE,900,0.105113690247279,0.0016205512713512,-1.16722414098524,0.0199214602308077,0.100209375,0.000659940908339535
KIN40K,MOE,1000,0.0992132295134323,0.00711948784174953,-1.16280583567748,0.0263005749626051,0.107499391666667,0.00425575270915244
KIN40K,MOE,1100,0.0984664538445486,0.00459974443180867,-1.12818731084879,0.0333486901142838,0.118644975,0.0023431712169355
KIN40K,MOE,1200,0.0953637207075187,0.00426241072467335,-1.12138083541584,0.0229038184399084,0.12772415,0.000498932385824961
KIN40K,MOE,1300,0.0930710644369815,0.00492097945491253,-1.0488412845623,0.0724913849950439,0.133576475,0.00172288866460519
KIN40K,MOE,1400,0.0912798808900061,0.00389436977914875,-1.02030506708426,0.0318281673473437,0.142793908333333,0.00203566019778188
KIN40K,MOE,1500,0.0893661609397846,0.00352046992305956,-0.947688464282881,0.0341975098347102,0.151535458333333,0.00191879249095188
KIN40K,MOE,1600,0.089458551688466,0.00352089092978543,-0.875311399890911,0.0794692812980104,0.162596025,0.00195606738396841
KIN40K,MOE,1700,0.0876798530500104,0.00376631014713001,-0.789993313186996,0.0851591470711238,0.169925983333333,0.000421212701860138
KIN40K,MOE,1800,0.0870182666109762,0.00331205272740556,-0.734670932901613,0.0861653035101664,0.177115275,0.00414677892134366
KIN40K,MOE,1900,0.086267625790716,0.00474352170928779,-0.61777372362612,0.0621804633957187,0.185500008333333,0.000810342582774937
KIN40K,MOE,2000,0.085651483986953,0.00409060148312839,-0.532918825846979,0.0477430966825657,0.195792508333333,0.00265580885999601
KIN40K,MOE,2100,0.0853192911419387,0.00405806259008753,-0.464976087870602,0.035161917365194,0.206021316666667,0.00467692635006778
KIN40K,MOE,2200,0.0848595101088337,0.00410388087700233,-0.304468647739268,0.0658308126508433,0.204191008333333,0.00134714297133168
KIN40K,MOE,2300,0.0845742856557081,0.00408609362718965,-0.177489828848071,0.101439681279952,0.215354108333333,0.00321608818309734
KIN40K,MOE,2400,0.0841996773771313,0.00415778951880355,-0.0871058966938093,0.0783096728394909,0.225569275,0.00201121846603619
KIN40K,MOE,2500,0.0837214511915769,0.00389740039839555,-0.01328749681873,0.0822864174743522,0.23517835,0.00144111825525354
KIN40K,BCM,100,0.543939271637718,0.064914474398763,-0.339330429663206,0.0526814039100419,0.0397754083333333,0.000594644965679804
KIN40K,BCM,200,0.330209264016609,0.0206498041823951,-0.615308529445234,0.0260102575483343,0.0469200166666667,0.000826458694647429
KIN40K,BCM,300,0.24990322462372,0.0294101244179865,-0.77633062582765,0.0387257033978607,0.0537932916666667,0.000637647223359698
KIN40K,BCM,400,0.185023022176949,0.0158863002190781,-0.939860466759323,0.0303428053944087,0.0610486166666667,0.00034878590884428
KIN40K,BCM,500,0.150006513139622,0.0130560352438624,-1.05631561652269,0.0291529733828851,0.0721194916666667,0.00171843563749369
KIN40K,BCM,600,0.129032438528544,0.0069087406517364,-1.14141064519034,0.015697084571891,0.0802811916666667,0.000752093030454562
KIN40K,BCM,700,0.115101623382288,0.00451824611769667,-1.18484406017108,0.0300213012158725,0.0867730666666667,0.000524947013000681
KIN40K,BCM,800,0.102772020563464,0.0015051361498288,-1.23796524581487,0.0118913141140924,0.0953421666666667,0.00115543361377162
KIN40K,BCM,900,0.0924415764592216,0.00332323299568739,-1.28463066297652,0.00618921316409319,0.11066675,0.00175603947546035
KIN40K,BCM,1000,0.087094777890418,0.0103336886998843,-1.3088880805282,0.0389419168482986,0.117379133333333,0.00287776945310223
KIN40K,BCM,1100,0.0818780072526188,0.00351630391333437,-1.31455340206708,0.0392976500550175,0.131092333333333,0.000938216819401731
KIN40K,BCM,1200,0.0776441155075759,0.00168308709774671,-1.34362240686939,0.0126693207965661,0.141809433333333,0.00187622948262157
KIN40K,BCM,1300,0.0726433827235501,0.00636986552995299,-1.33512619636552,0.0557906513563726,0.150906425,0.00192120078678022
KIN40K,BCM,1400,0.0681848347119953,0.00356816186646836,-1.38160731339237,0.0221771114570925,0.158659375,0.0006263053154213
KIN40K,BCM,1500,0.0636466440016263,0.00391840151849623,-1.38863258093544,0.0456811748417996,0.167845225,0.00167807148369044
KIN40K,BCM,1600,0.0648595603076382,0.00512422337562556,-1.35426580085168,0.0662483937284228,0.177935425,0.000780303503852825
KIN40K,BCM,1700,0.0578119863109143,0.00177046330949518,-1.3627765626201,0.0553335291940347,0.18521345,0.00125012292570572
KIN40K,BCM,1800,0.0560733663320122,0.000669829500922535,-1.41079965117144,0.0434474173370933,0.197050416666667,0.00109120760522842
KIN40K,BCM,1900,0.0538100528674111,0.00297771733383047,-1.36660105836638,0.0349779617469307,0.207175125,0.00240489776302964
KIN40K,BCM,2000,0.0516550415483499,0.00206627409916973,-1.37955387402985,0.0715631674544723,0.218345891666667,0.00279320484505852
KIN40K,BCM,2100,0.0508024723668546,0.00250190535374558,-1.35909568824848,0.0653312429047939,0.2247772,0.00179700344688733
KIN40K,BCM,2200,0.0476403707175113,0.000940147486840775,-1.35482666288849,0.0540191749188949,0.222338508333333,0.00629471047608294
KIN40K,BCM,2300,0.0463544762947077,0.00238891720299211,-1.31759576070867,0.0846759094708711,0.232320291666667,0.00357236946108018
KIN40K,BCM,2400,0.0461663898294282,0.00356339436969336,-1.31821552679189,0.109937368541593,0.244680941666667,0.00176995176140715
KIN40K,BCM,2500,0.0445714222933424,0.00322529274608339,-1.33454653187468,0.0569857633686734,0.252380291666667,0.00142496316933397
KIN40K,RBCM,100,0.550171149995279,0.0673350261309362,-0.333304140367859,0.0545944274975114,0.0397209416666667,0.000297784269998157
KIN40K,RBCM,200,0.336369895298212,0.021017559090654,-0.605955634427029,0.0264328553649181,0.0480241166666667,0.00126260548379466
KIN40K,RBCM,300,0.255691371391318,0.0308941452551207,-0.763977417642644,0.0416348878113229,0.054644225,0.000122396463899084
KIN40K,RBCM,400,0.189754594782905,0.0167083289713881,-0.926883760895432,0.0326697198403212,0.0621439083333333,0.00023387401033107
KIN40K,RBCM,500,0.153935140142055,0.0137424435564114,-1.04348942112726,0.0311249397928944,0.074110475,0.00230900602979399
KIN40K,RBCM,600,0.133062374020462,0.00755689215333672,-1.12645138600756,0.0191206629424999,0.0807656333333333,0.00100160338218694
KIN40K,RBCM,700,0.118945270919903,0.00504042793824714,-1.16737496698138,0.0347152841817814,0.0879406916666667,0.000483858611407645
KIN40K,RBCM,800,0.10627820181466,0.0017566510894518,-1.2191906996489,0.01460331722289,0.0969361416666667,0.00226880398590498
KIN40K,RBCM,900,0.0955314787951548,0.0036138989823735,-1.26629696240974,0.00639524730571212,0.110481416666667,0.00108883208368341
KIN40K,RBCM,1000,0.0900287426175197,0.0107975524528653,-1.29216125159968,0.0415426311758951,0.120558983333333,0.00269118907157382
KIN40K,RBCM,1100,0.0844787822787236,0.00360269670236134,-1.29648273809056,0.0417491820971201,0.133862883333333,0.000714695518356133
KIN40K,RBCM,1200,0.0804915919412769,0.00203260708408021,-1.32037293352813,0.0194560011601719,0.150581075,0.00527740285207837
KIN40K,RBCM,1300,0.0745092695645781,0.00680070007191691,-1.32030957528161,0.0586940645516282,0.157062416666667,0.00656875288022455
KIN40K,RBCM,1400,0.0699895773329291,0.00353241768531664,-1.36790356128253,0.0206917910494741,0.162900416666667,0.0028872246325768
KIN40K,RBCM,1500,0.064925067934255,0.00381401135297112,-1.38107141835854,0.0480882252254539,0.175295541666667,0.00514569022133653
KIN40K,RBCM,1600,0.0664772700896828,0.00580164177999588,-1.34336940969388,0.0721190161788991,0.18403775,0.00470252817515482
KIN40K,RBCM,1700,0.0589758007163251,0.00170240956754664,-1.35565931691414,0.0553667051490552,0.192388116666667,0.00188980558347501
KIN40K,RBCM,1800,0.0570499174694736,0.000898282373831563,-1.40923907852451,0.0470768731632808,0.202819658333333,0.00184762308188341
KIN40K,RBCM,1900,0.0546569262375306,0.00308295698005883,-1.36577105460296,0.0329373840378725,0.209522525,0.000428144782024725
KIN40K,RBCM,2000,0.0524521753875801,0.00197401323649194,-1.38316948628195,0.0684439789964267,0.220272975,0.000519961625386908
KIN40K,RBCM,2100,0.0514126965697052,0.00235957189107684,-1.35975964474464,0.0691775408271453,0.2311626,0.00238022836365023
KIN40K,RBCM,2200,0.0480668617235923,0.000878826699753786,-1.36645210915708,0.0555469003438889,0.227568816666667,0.000434110219539167
KIN40K,RBCM,2300,0.0467916659378487,0.00247832003726951,-1.32841137203376,0.0895104891950427,0.236837725,0.00121226078129872
KIN40K,RBCM,2400,0.0465795092730647,0.0035172334080724,-1.33327332237607,0.105883627770558,0.246276325,0.00100621795818551
KIN40K,RBCM,2500,0.0450214240151279,0.00337489182764792,-1.35263587453975,0.0497283355891788,0.259509391666667,0.00374532801503534
POL,POE,100,0.180547824949525,0.0132933911409355,-1.02759693703527,0.0513420652605526,0.080240075,0.000427371706626682
POL,POE,200,0.132727843319188,0.00429527104212992,-1.3546884504554,0.0680255838104829,0.094627375,0.00232210249181642
POL,POE,300,0.100163475453504,0.00327049914378992,-1.51834520285233,0.0515338482393769,0.105351058333333,0.00061730667942146
POL,POE,400,0.0877471787112766,0.00486129883095727,-1.58771536938388,0.0345260460075378,0.119637783333333,0.000374426026016274
POL,POE,500,0.0779378962134459,0.00463712699785411,-1.61806783132433,0.0125618215965912,0.136025491666667,0.000675251723587831
POL,POE,600,0.0701058076556138,0.00355027478054125,-1.68013837935994,0.0270185731364453,0.1508226,0.00202119230730898
POL,POE,700,0.0642365730269831,0.00570289275975997,-1.71282759657469,0.0378058019384802,0.164394758333333,0.000304370388397644
POL,POE,800,0.0599103682907277,0.00481580756726225,-1.7244550190912,0.039568267699632,0.179387158333333,0.00242399590879056
POL,POE,900,0.0530684651320803,0.00178327285001147,-1.76087631682479,0.019110103659178,0.2022347,0.00414716208034179
POL,POE,1000,0.0472135592657685,0.000971801894272604,-1.7542516717551,0.0518725807167706,0.213873325,0.00216676070494643
POL,POE,1100,0.0450908172425396,0.00212486049966455,-1.77069327253286,0.0279844091202565,0.235965958333333,0.000586321317801368
POL,POE,1200,0.0428142204402575,0.000427186784679738,-1.76519615302878,0.0458431923633316,0.257609908333333,0.0025258592493859
POL,POE,1300,0.0411402743089177,0.00282637916907115,-1.82356470947604,0.0538437891406566,0.274878791666667,0.00135273762545935
POL,POE,1400,0.0381858020162166,0.00184469876380541,-1.8204821512456,0.069514692637833,0.289042475,0.00219147722709477
POL,POE,1500,0.038084072114395,0.00201281571807106,-1.81316100205389,0.061077394830585,0.30500585,0.00247202813293055
POL,POE,1600,0.0356433016612611,0.000432946097500327,-1.80224024266404,0.0669239400333851,0.322950625,0.00476785181128514
POL,POE,1700,0.0347174264470695,0.000999153483362827,-1.84315175032513,0.0531620515965582,0.350519216666667,0.00616106643859919
POL,POE,1800,0.0358733245221374,0.00247980483917708,-1.82387105839164,0.0434122673562991,0.36483845,0.00282335727094092
POL,POE,1900,0.0327776928992984,0.00122908585848676,-1.84500910895476,0.073532765717363,0.38298715,0.00243044736056962
POL,POE,2000,0.0314745415165545,0.000520475060951739,-1.86048564936675,0.0502213370640146,0.404016158333333,0.0046903924916614
POL,POE,2100,0.0332235785635854,0.00110219336533109,-1.84087543797082,0.0563292976117459,0.426705975,0.00285975805936883
POL,POE,2200,0.0307520347476386,0.00131945628255679,-1.8143944729913,0.045512120237477,0.433552216666667,0.00158521015450897
POL,POE,2300,0.0309315948080711,0.00161557600747081,-1.81602969716942,0.0489897875366448,0.452421375,0.000496716661563715
POL,POE,2400,0.0294110003755268,0.000427436887524593,-1.81756584808562,0.045726865562755,0.47483435,0.00269890506351648
POL,POE,2500,0.0291954483611484,0.00138351994918528,-1.82208618689955,0.0189126197996258,0.4968072,0.00165736304354993
POL,GPOE,100,0.180075146264103,0.0134816557144455,-1.02876615656064,0.0527554804520559,0.080698925,0.000474422203185096
POL,GPOE,200,0.132274026698858,0.00448253575013643,-1.35510610638515,0.0684887256920755,0.093875475,0.00011730976888136
POL,GPOE,300,0.0992847221717716,0.00334444956484881,-1.52095351874829,0.0502103891741633,0.105722516666667,0.000696120544667611
POL,GPOE,400,0.0868778508823223,0.00476523480187477,-1.59151014520764,0.0323903636046161,0.121143133333333,0.00226655417102886
POL,GPOE,500,0.0768922845631323,0.00456814789104547,-1.62881503666278,0.00503850352149653,0.137131716666667,0.00148748013292053
POL,GPOE,600,0.0691325536714808,0.00369344123253219,-1.69200707105538,0.0274625339793644,0.151355733333333,0.000464881520076177
POL,GPOE,700,0.0631923723323309,0.00594846869893624,-1.72694670708529,0.0399613627733548,0.165834116666667,0.00146559763542327
POL,GPOE,800,0.0588857082837841,0.00492706082527169,-1.73998343623154,0.043229687804947,0.179891658333333,0.00125381051955959
POL,GPOE,900,0.0519749036346345,0.00207054061863934,-1.78013621800171,0.0217273850250254,0.20218605,0.00217176440193222
POL,GPOE,1000,0.046091254297238,0.000866265139371559,-1.77321128205105,0.0560049027070419,0.216615066666667,0.00629646653138355
POL,GPOE,1100,0.044121521968011,0.00209704334536375,-1.78856460012233,0.0312265935115187,0.239412691666667,0.00301651195478043
POL,GPOE,1200,0.0416254010832641,0.000634850988907479,-1.78667887498206,0.0432558437059194,0.259499683333333,0.00123597191825231
POL,GPOE,1300,0.039807649572911,0.0028857580214108,-1.85328029358637,0.0575187912981767,0.274070241666667,0.00445077236600104
POL,GPOE,1400,0.0371547266520358,0.0017013328354709,-1.8444277874738,0.072843795311843,0.292627675,0.00484104420831652
POL,GPOE,1500,0.0366918329732146,0.00194260534188482,-1.84222955139041,0.062633341383106,0.312498508333333,0.00273903348171548
POL,GPOE,1600,0.0343086701193898,0.000538234885889408,-1.83228911327095,0.0708326091258923,0.331215475,0.000416687835795581
POL,GPOE,1700,0.0335589366155024,0.000947832233438392,-1.87334406108021,0.0600464932719867,0.348439441666667,0.00251147261113044
POL,GPOE,1800,0.0346200741197279,0.00217246418370969,-1.85434720266981,0.0557905776918849,0.367511583333333,0.00243859636334783
POL,GPOE,1900,0.031613483510553,0.00120030562236277,-1.87565992651038,0.0759075337260833,0.387652825,0.00248911143746619
POL,GPOE,2000,0.030300464397842,0.000664328104021615,-1.89323873979469,0.0570751436159592,0.408578525,0.00291173795277406
POL,GPOE,2100,0.032061089767123,0.00107613061119012,-1.87638458534372,0.059718384120746,0.427560391666667,0.00279568866899703
POL,GPOE,2200,0.0296980798703516,0.00142055822791756,-1.85097204766831,0.0370838948957057,0.436558925,0.00220225645517841
POL,GPOE,2300,0.0298134560659076,0.00160451473619444,-1.84554240166889,0.0492508891237307,0.4557748,0.00159452230640557
POL,GPOE,2400,0.0283648997858496,0.000555908119457842,-1.854059822443,0.0484934436047187,0.478317233333333,0.00125027341318141
POL,GPOE,2500,0.0279824905856029,0.00106790146290966,-1.85988603489134,0.0109340900103205,0.500142433333333,0.00219418737040803
POL,MOE,100,0.187100293385354,0.0112878206754478,-0.994599121495449,0.0385497677426282,0.0774325666666667,0.00118371190575805
POL,MOE,200,0.141526069753166,0.00303691556314735,-1.29711858081764,0.0608067235558282,0.0908577916666667,0.00120275835383021
POL,MOE,300,0.113926606759275,0.00429620434992081,-1.41301180615883,0.0701289514646364,0.101826291666667,0.00100128696727428
POL,MOE,400,0.102083400504048,0.00604306923669241,-1.46200391077871,0.0679899955806311,0.116470458333333,0.00269843365866355
POL,MOE,500,0.0935391729070382,0.0057461903902946,-1.43871764914473,0.0574506681334827,0.129588375,0.00220817538493322
POL,MOE,600,0.0863381284478941,0.00458736889383896,-1.467048890035,0.0627061333897308,0.141161191666667,0.000262730339813161
POL,MOE,700,0.0818706737837092,0.00533660917457879,-1.4617428144774,0.0721190249115478,0.155789433333333,0.000414692440500576
POL,MOE,800,0.0779135198511189,0.004971643698846,-1.44517651481479,0.0660245248295175,0.1696463,0.00157162889365619
POL,MOE,900,0.0720982367421543,0.00284189831502014,-1.44272241422082,0.054287586224387,0.1863398,0.00223661364832531
POL,MOE,1000,0.0684668810091105,0.00343450760270921,-1.3947287988326,0.0636843413269473,0.20394585,0.00150141580245947
POL,MOE,1100,0.0664008857573183,0.00431896207111686,-1.37601783422255,0.0449403225049335,0.220714391666667,0.00251706865300855
POL,MOE,1200,0.0645934604591004,0.00280025639120646,-1.34000578562531,0.092027029441725,0.236954316666667,0.000865503856264276
POL,MOE,1300,0.0639728369077747,0.00368577193315681,-1.34722213586785,0.0296372708492866,0.254060566666667,0.000520358394722652
POL,MOE,1400,0.0615780250647746,0.00414483487123496,-1.30033606431543,0.0431509768802407,0.267852183333333,0.00326006782946432
POL,MOE,1500,0.0624432548205036,0.00381844059719051,-1.27538817378966,0.0941559624229639,0.286591791666667,0.00275907250010455
POL,MOE,1600,0.0610709127793513,0.00224979157968662,-1.18403417275979,0.0569551567103604,0.303552133333333,0.0019749823775058
POL,MOE,1700,0.0596119658919147,0.00333846897853128,-1.25819725599866,0.0698721626456616,0.321319516666667,0.00233159052825714
POL,MOE,1800,0.0599238401159419,0.00427526571864321,-1.24861089237815,0.0228672262587629,0.341607558333333,0.00198178874730845
POL,MOE,1900,0.058818267361567,0.00303152053461607,-1.16851436318544,0.0715163914992951,0.358920841666667,0.0013512341988746
POL,MOE,2000,0.0579556925045806,0.00334240197823829,-1.16049925450076,0.0820458851915161,0.3787292,0.0045064715395612
POL,MOE,2100,0.0582004770843542,0.00333031290018668,-1.15653557832907,0.0798322601218891,0.398180891666667,0.00163323276133818
POL,MOE,2200,0.0564783044993334,0.0031273840162425,-1.0410928317033,0.144564618585637,0.408918966666667,0.00394396207205818
POL,MOE,2300,0.0567251672561471,0.00325030550691807,-1.10885600905972,0.148941663268022,0.427340116666667,0.00159131988580496
POL,MOE,2400,0.0557364036754485,0.0033551341131201,-0.971678121360979,0.113601053448431,0.44869285,0.00194758465910343
POL,MOE,2500,0.0557178020638155,0.00398471357332699,-0.985088116953711,0.142991129214169,0.467292375,0.00268787571013341
POL,BCM,100,0.176545319551222,0.0133941791324611,-1.04056122604326,0.0550618929965403,0.080243075,0.000937038732857403
POL,BCM,200,0.129265886937713,0.00435734759006485,-1.35280181960292,0.070372467039636,0.0929437166666667,0.000743926832059666
POL,BCM,300,0.0969596058097712,0.00333000578104624,-1.50764339513389,0.0539306272878881,0.105877666666667,0.00165913584742429
POL,BCM,400,0.0845907956529149,0.00474437980899264,-1.57509695157511,0.032414727041377,0.119980566666667,0.00160121986902433
POL,BCM,500,0.0748386370348244,0.00439584872113349,-1.60733776529052,0.0111615022957367,0.135845608333333,0.00119262050028848
POL,BCM,600,0.0672703538442008,0.00357694694561005,-1.66636278720726,0.0216333850836135,0.148531891666667,0.00076626074475883
POL,BCM,700,0.0615825273317567,0.00577625555253238,-1.69565698515557,0.0350083983655859,0.162349733333333,0.00053641389123356
POL,BCM,800,0.0574204911419061,0.00487018212504405,-1.70489731163719,0.0397022863971675,0.176779833333333,0.000779627166636921
POL,BCM,900,0.0506903566703582,0.00193916889626751,-1.73787798791358,0.0173523548519138,0.203558416666667,0.000364857520421797
POL,BCM,1000,0.0448786133760086,0.000876698393346155,-1.72500286453305,0.0506187319831612,0.215864208333333,0.00191559510748837
POL,BCM,1100,0.0428976277906725,0.00199027452627611,-1.74434937673348,0.0403403520594756,0.232288608333333,0.00483172271130683
POL,BCM,1200,0.0404871930092771,0.000489808000863876,-1.73882637895199,0.0420637390459239,0.256927025,0.00301458413062649
POL,BCM,1300,0.0389293373258904,0.00248474934245325,-1.79719093583642,0.0442823159029248,0.272677675,0.00118847347887953
POL,BCM,1400,0.0361418601920573,0.00163478714367665,-1.79242849397153,0.0731916759932403,0.2881653,0.00155125359084998
POL,BCM,1500,0.0359942407262113,0.00183743802330631,-1.78395488670935,0.0493211648126277,0.306402141666667,0.0039621799631274
POL,BCM,1600,0.0337039392680727,0.000813371907853235,-1.76787941772738,0.0478807722934549,0.326003433333333,0.00280387736272619
POL,BCM,1700,0.0329097842737977,0.000594283431717258,-1.79826602015558,0.0411118831180115,0.342830225,0.00305587508508201
POL,BCM,1800,0.0340180503115031,0.00222258090269389,-1.78384464901505,0.0421902805083014,0.35843545,0.00500429754554775
POL,BCM,1900,0.0310354007703528,0.00114641129533073,-1.8027745456728,0.0642147147376985,0.382702291666667,0.00146136141883462
POL,BCM,2000,0.0299092001531326,0.000696918398898754,-1.81752662735271,0.054356029474695,0.402729516666667,0.00582634182937359
POL,BCM,2100,0.0314871204006334,0.000947584666368732,-1.79362462109891,0.0577310850821613,0.422735875,0.00220714303866448
POL,BCM,2200,0.0291551642682828,0.00117563777245891,-1.77958653738424,0.0182001783602019,0.429231541666667,0.00140309189923835
POL,BCM,2300,0.0291928986687106,0.00152510228136929,-1.77662811870382,0.0316725659363094,0.451642416666667,0.000378561562309639
POL,BCM,2400,0.0278094951384381,0.000828223964036743,-1.78310416500414,0.0466037868848616,0.471160991666667,0.00562615080740898
POL,BCM,2500,0.0274903583717512,0.000926155497870959,-1.78660281703499,0.0243501049875165,0.492147933333333,0.0034818976831368
POL,RBCM,100,0.177755764371376,0.013598728965,-1.0342268491379,0.0562321609681069,0.07983435,0.000612691944924191
POL,RBCM,200,0.130672722624753,0.00434878946714821,-1.34316064533023,0.0707811849749466,0.0938663333333333,0.00157450061692854
POL,RBCM,300,0.0982291760073855,0.00345429728280708,-1.49856906475551,0.0540129666742262,0.105907883333333,0.000590808939258992
POL,RBCM,400,0.0858657318105137,0.00475993959975095,-1.56760266176207,0.0312485723963423,0.120814841666667,0.0016349367996832
POL,RBCM,500,0.0759037757238158,0.00446563705761891,-1.60572352453262,0.00543420984585213,0.1372714,0.00138756469916721
POL,RBCM,600,0.0682638507892926,0.00374940724491535,-1.66655271448604,0.025877485778119,0.149604908333333,0.000712412317557974
POL,RBCM,700,0.0624625929205362,0.00598844081283686,-1.69821559218152,0.0396085220720992,0.164850441666667,0.00176433777703089
POL,RBCM,800,0.0582561984295477,0.00498171164686334,-1.70928569391006,0.0448718421119446,0.179299475,0.000551118597150397
POL,RBCM,900,0.0514521447671372,0.00221561304955547,-1.74655366111131,0.0238414102048271,0.206160933333333,0.00213277905931048
POL,RBCM,1000,0.0455910652735511,0.000849961225218817,-1.73245896116987,0.053243707410206,0.215031775,0.00313713737017923
POL,RBCM,1100,0.0437337545748624,0.00210756206927194,-1.74977570306603,0.0404177051336717,0.2364606,0.00754602480515405
POL,RBCM,1200,0.0411362700604129,0.000655052268864283,-1.74799365211024,0.0422005702262605,0.257080641666667,0.00184961574292021
POL,RBCM,1300,0.0393248398404305,0.00264843644380999,-1.8162903050883,0.0481853914145474,0.270426425,0.00763388376336057
POL,RBCM,1400,0.0367656403534524,0.0017026408976151,-1.80761188413316,0.0766619825912467,0.286415966666667,0.00360011691149862
POL,RBCM,1500,0.0362922043896154,0.00179520673800872,-1.80351314337996,0.0551060404121002,0.309715391666667,0.00250969276759294
POL,RBCM,1600,0.0340563274463406,0.000738809657813373,-1.78695966414732,0.0572187881723312,0.323680258333333,0.00572925859472308
POL,RBCM,1700,0.0333626878414909,0.000744372653399005,-1.82089648808983,0.0517270022576285,0.346097316666667,0.00175054109676361
POL,RBCM,1800,0.0343596645539727,0.00205442421647677,-1.80502781581733,0.0555647697809591,0.364269316666667,0.00302220694912398
POL,RBCM,1900,0.0314373957270451,0.00118919357547882,-1.82520746763164,0.0750364868207763,0.386563375,0.00193540661619208
POL,RBCM,2000,0.0302061490679647,0.000758691138364525,-1.84259735798225,0.0626434528047225,0.407795208333333,0.00205895009202708
POL,RBCM,2100,0.0318973391657753,0.00105950690202048,-1.82323218746572,0.060029084261526,0.427210091666667,0.00250267859007271
POL,RBCM,2200,0.0295702270302571,0.00138431899130154,-1.80537152232518,0.0199032078928638,0.433684625,0.00296435634002139
POL,RBCM,2300,0.0296107275658137,0.00160872587974363,-1.79791875425991,0.0392892149320626,0.452752408333333,0.00310205472633999
POL,RBCM,2400,0.0281513777582821,0.000835496771990563,-1.80933507147972,0.0545431573398747,0.4717661,0.00522368634353414
POL,RBCM,2500,0.0277070918683043,0.000926387531680456,-1.81239174402347,0.0279639239072351,0.49786335,0.00375696296594735
PUMADYN32NM,POE,100,0.0511314471872906,0.00265171892732147,-1.48726853503825,0.0158422105541225,0.0729552493896059,0.000368402688985329
PUMADYN32NM,POE,200,0.0473949179520058,0.000512647342687189,-1.51753198592907,0.00560765466048133,0.0908275200558075,0.00356024670688103
PUMADYN32NM,POE,300,0.0472178154059016,0.000470500061025646,-1.51974796945096,0.0051910894321269,0.104824252993838,0.0012205331266233
PUMADYN32NM,POE,400,0.0471789369959785,0.000499897933718529,-1.52023443290189,0.00556120058661469,0.120839018718754,0.00134951056505618
PUMADYN32NM,POE,500,0.0471770156791681,0.000518850953199587,-1.52025847324736,0.00580815674900984,0.14128418788513,0.00359890635007955
PUMADYN32NM,POE,600,0.0471687194204598,0.000509913100147398,-1.52036227961828,0.00569940864343075,0.158255261016161,0.0011225440988128
PUMADYN32NM,POE,700,0.0471695108004812,0.000510023354924647,-1.52035237752977,0.00570705918514048,0.179550017439833,0.00343466959462163
PUMADYN32NM,POE,800,0.0471403263678875,0.000501043172540326,-1.52071754575092,0.00562239309363388,0.196096174863388,0.00255906172166205
PUMADYN32NM,POE,900,0.0471512363337178,0.000513219989531804,-1.52058103554801,0.00575884402782289,0.222032833391466,0.00476722290347895
PUMADYN32NM,POE,1000,0.047151442032342,0.000515747890601319,-1.52057846175802,0.00578470660169972,0.246523741425416,0.00519552569001468
PUMADYN32NM,POE,1100,0.0471568577070185,0.000517186574601078,-1.52051069849822,0.00580896851620629,0.2735348680386,0.00310093381379558
PUMADYN32NM,POE,1200,0.0471619945274279,0.00049267013037439,-1.5204464243834,0.00551228311567637,0.291197221253343,0.00615661669938345
PUMADYN32NM,POE,1300,0.0471430834559735,0.000489912533826841,-1.5206830478744,0.00546987229338778,0.315772921753284,0.00467513904846819
PUMADYN32NM,POE,1400,0.0471383166927997,0.00048159839105593,-1.52074269167331,0.00538666923241372,0.341752586908499,0.00262407617249857
PUMADYN32NM,POE,1500,0.0471223321334068,0.00050582784790989,-1.52094269738186,0.00570557502644729,0.36182481106848,0.00798118620722821
PUMADYN32NM,POE,1600,0.0471466599482205,0.000509827754246973,-1.52063829725924,0.00574503917686213,0.387077095686548,0.00562319503264232
PUMADYN32NM,POE,1700,0.0471479597758708,0.000513567277378603,-1.52062203325447,0.00576243448080318,0.41772817114289,0.00896608429019581
PUMADYN32NM,POE,1800,0.047149176395197,0.000496005522091139,-1.52060681038818,0.00554343774573895,0.445365376119056,0.000504050561100858
PUMADYN32NM,POE,1900,0.0471531275782454,0.000482179279613866,-1.52055737147993,0.00537563950739318,0.465831624229741,0.00416498587496426
PUMADYN32NM,POE,2000,0.0471249788180328,0.00047817922880226,-1.5209095809211,0.00533578104851911,0.498935379607022,0.00443115604685368
PUMADYN32NM,POE,2100,0.0471332029165702,0.000500295006913746,-1.5208066774494,0.00559829930223475,0.526610870828974,0.00252452893495484
PUMADYN32NM,POE,2200,0.0471478450762389,0.000486263667862766,-1.52062346842578,0.00542720101499514,0.53851247529357,0.000638504709867891
PUMADYN32NM,POE,2300,0.0471380577367125,0.000502161702185627,-1.52074593184368,0.00562891816513641,0.569875956284153,0.00248660861800992
PUMADYN32NM,POE,2400,0.0471459985685128,0.000488892713477482,-1.52064657272769,0.00546709737964521,0.601955691198698,0.000855762570096723
PUMADYN32NM,POE,2500,0.0471420239492645,0.000502796386109472,-1.52069630487979,0.00561924076734774,0.630728822229973,0.0023331089066519
PUMADYN32NM,GPOE,100,0.0511306984866745,0.00265191219351885,-1.48728109047652,0.0158416201188343,0.0732531798628066,8.80041070860258e-05
PUMADYN32NM,GPOE,200,0.0473925657406198,0.000508475890652534,-1.51756141781352,0.00555534447926895,0.0888661667247994,0.000502386695900907
PUMADYN32NM,GPOE,300,0.0472170096568777,0.000468574985455903,-1.51975805133063,0.00516693982712511,0.106597628182769,0.00167695010539805
PUMADYN32NM,GPOE,400,0.0471788186926415,0.00049949328685426,-1.52023591316432,0.00555519904032006,0.122168782699686,0.0012858545552485
PUMADYN32NM,GPOE,500,0.0471779136123655,0.000520070959084204,-1.52024723791951,0.0058210963051297,0.143621823043832,0.00447885866014252
PUMADYN32NM,GPOE,600,0.0471689534056328,0.000510417083051156,-1.52035935189477,0.00570271221746573,0.161935705150564,0.00207398044242572
PUMADYN32NM,GPOE,700,0.0471693819288446,0.000509723428208509,-1.52035399002732,0.00570118106204732,0.181289570980119,0.00190636170817369
PUMADYN32NM,GPOE,800,0.0471369222044001,0.000499946125138319,-1.52076014011424,0.00560997697519853,0.199874293686781,0.00104609411990626
PUMADYN32NM,GPOE,900,0.0471494763518368,0.000513873939836338,-1.52060305720119,0.00576655343308892,0.224572642715963,0.00336324977465451
PUMADYN32NM,GPOE,1000,0.0471494442608285,0.000516553813700326,-1.52060345873774,0.00579342007302004,0.249742425299384,0.00696829567173857
PUMADYN32NM,GPOE,1100,0.0471561131575813,0.000517990203648603,-1.52052001462224,0.0058186407094468,0.279930415068015,0.00309156019770359
PUMADYN32NM,GPOE,1200,0.0471611547697523,0.000490020795857801,-1.52045693179401,0.00547993217093281,0.30483374026276,0.0047403605865248
PUMADYN32NM,GPOE,1300,0.047139837340933,0.0004868389972864,-1.52072366466732,0.00543164170818188,0.317853040344146,0.00573860640029596
PUMADYN32NM,GPOE,1400,0.0471351865688063,0.000478081037659508,-1.52078185713616,0.0053460363438747,0.345303964655273,0.00597033537969722
PUMADYN32NM,GPOE,1500,0.0471167770349799,0.000505193809540284,-1.52101220517182,0.00570217422642318,0.374285827229392,0.00221767105133107
PUMADYN32NM,GPOE,1600,0.0471441969865254,0.000509946355955837,-1.52066911489936,0.00574890935372566,0.397707987443321,0.00277720590177426
PUMADYN32NM,GPOE,1700,0.047145920585204,0.00051432097000537,-1.52064754848852,0.00577093952627722,0.42362800837112,0.00441636112803129
PUMADYN32NM,GPOE,1800,0.0471468665262585,0.000493853526375118,-1.52063571246563,0.00551644137221762,0.451609963957679,0.0014070719393384
PUMADYN32NM,GPOE,1900,0.0471516480786761,0.000478436408616547,-1.52057588361732,0.00532937309542538,0.479087745610975,0.00632753619552307
PUMADYN32NM,GPOE,2000,0.047119850830966,0.00047377355588504,-1.52097374450931,0.00528272286068836,0.505585571445181,0.00496569825767069
PUMADYN32NM,GPOE,2100,0.0471295295727446,0.000499328762994466,-1.52085263991333,0.00558590207332637,0.537781281246367,0.00279890496045982
PUMADYN32NM,GPOE,2200,0.047145628765669,0.00048304505062652,-1.52065119986054,0.00538761842253895,0.549332461341704,0.00385925434045695
PUMADYN32NM,GPOE,2300,0.0471347245674788,0.000500973420039925,-1.52078763789624,0.00561496675742355,0.576262225322637,0.00640252398621783
PUMADYN32NM,GPOE,2400,0.0471433577669266,0.000485912321418405,-1.52067961557732,0.00543099781686488,0.606005580746425,0.00532642750417121
PUMADYN32NM,GPOE,2500,0.0471392824180602,0.000502039192981597,-1.52073060810189,0.00560835803799159,0.640594465759795,0.0018646243128107
PUMADYN32NM,MOE,100,0.0511368856188963,0.00264955312842364,-1.48717334889174,0.0158394071611925,0.0721562027671201,0.000279931207606372
PUMADYN32NM,MOE,200,0.0474140836871208,0.00054471523882444,-1.5172921759764,0.00600929695954242,0.087934391349843,0.0017620837016258
PUMADYN32NM,MOE,300,0.0472254304156641,0.000486724639606859,-1.51965268716099,0.00539316092661196,0.102037332868271,0.00073340264994021
PUMADYN32NM,MOE,400,0.0471800456592514,0.000502969466615778,-1.52022056082835,0.00560667190109796,0.118131810254622,0.000123910043600789
PUMADYN32NM,MOE,500,0.0471695483095982,0.000508834288016953,-1.5203519081995,0.00570138189903713,0.140452296244623,0.00601396397504426
PUMADYN32NM,MOE,600,0.0471674966570343,0.000507285809383102,-1.52037757936219,0.00568883947987854,0.152928752470643,0.000569396010428597
PUMADYN32NM,MOE,700,0.0471668806664319,0.000508298352978742,-1.52038528690257,0.00570248768521036,0.173153737937449,0.0019334757299309
PUMADYN32NM,MOE,800,0.0471668537749059,0.000508482378354899,-1.52038562338095,0.00570399127995041,0.190769782583421,0.0017993348405625
PUMADYN32NM,MOE,900,0.0471658268390259,0.000508460096308413,-1.52039847284607,0.00570435813651346,0.214399314033252,0.00639946844714556
PUMADYN32NM,MOE,1000,0.0471656589163733,0.000508684818381723,-1.5204005739668,0.00570678724153582,0.238030821997442,0.00404115442454286
PUMADYN32NM,MOE,1100,0.0471653165372258,0.000508799128622095,-1.52040485796252,0.00570810793017193,0.259319672131148,0.00223681059117793
PUMADYN32NM,MOE,1200,0.047165166110763,0.000508724405135577,-1.52040674016336,0.00570749772531314,0.286751168468783,0.00132756556034376
PUMADYN32NM,MOE,1300,0.0471650756915181,0.00050873179124838,-1.520407871528,0.00570743825323003,0.302818776886409,0.002145028925522
PUMADYN32NM,MOE,1400,0.0471650755242807,0.000508750794293991,-1.52040787362054,0.00570771799501763,0.324831728868736,0.0039736071094657
PUMADYN32NM,MOE,1500,0.0471650331538069,0.000508756709248469,-1.52040840377821,0.00570779309796377,0.35186414370422,0.00104397438369113
PUMADYN32NM,MOE,1600,0.0471650177171478,0.000508768780893383,-1.52040859692835,0.00570787621951929,0.376999569817463,0.00734644181469625
PUMADYN32NM,MOE,1700,0.0471650345245255,0.000508779813404549,-1.52040838662718,0.00570804365593586,0.402314196023718,0.00276999432026863
PUMADYN32NM,MOE,1800,0.0471650251974294,0.000508762573568314,-1.52040850333183,0.00570782345567936,0.431117765376119,0.00336582419582848
PUMADYN32NM,MOE,1900,0.0471650084785831,0.000508746077091541,-1.52040871252526,0.00570762737765953,0.453690129054761,0.00448374594172754
PUMADYN32NM,MOE,2000,0.0471650085999901,0.000508747456183815,-1.52040871100616,0.00570763725247845,0.477573107778165,0.00486607807564533
PUMADYN32NM,MOE,2100,0.0471650121588552,0.00050875621049881,-1.52040866647611,0.0057077379712977,0.509259353563539,0.00721088840582902
PUMADYN32NM,MOE,2200,0.047165010342102,0.000508744995418437,-1.52040868920811,0.00570760987975031,0.527323648412975,0.00125721323983271
PUMADYN32NM,MOE,2300,0.0471649993156058,0.000508750457235151,-1.52040882717639,0.00570766907479286,0.552964922683409,0.003587383616672
PUMADYN32NM,MOE,2400,0.0471650055360282,0.000508746662430482,-1.52040874934378,0.00570762108379784,0.585941867224741,0.00179102844708685
PUMADYN32NM,MOE,2500,0.0471650017027224,0.000508746234238335,-1.52040879730775,0.00570761469663259,0.615916335309848,0.0018689086670749
PUMADYN32NM,BCM,100,0.0511111140904028,0.00264493009885487,-1.48746955117415,0.0158088074364715,0.0726776421346355,0.000405986159392296
PUMADYN32NM,BCM,200,0.0473867579919722,0.000511414163594922,-1.51763408687212,0.00559522259707271,0.0895872921753284,0.00219828251125165
PUMADYN32NM,BCM,300,0.0472100850014808,0.0004702596236125,-1.51984469560872,0.00519274408947866,0.10477079409371,0.00092723632416089
PUMADYN32NM,BCM,400,0.0471714250200226,0.000499550997076355,-1.52032842598839,0.00556130120033208,0.121005208696663,0.00122156615873454
PUMADYN32NM,BCM,500,0.047169497062484,0.000518487542893163,-1.52035254942552,0.0058079756062949,0.142776863155447,0.00391110009350235
PUMADYN32NM,BCM,600,0.0471613789913293,0.000509825319204536,-1.52045412623683,0.00570263672997291,0.159100499941867,0.00182274214049608
PUMADYN32NM,BCM,700,0.047162219565012,0.000509614204264865,-1.52044360861599,0.00570715644293357,0.178071259155912,0.00102474568041048
PUMADYN32NM,BCM,800,0.0471324857410824,0.000500399976670129,-1.52081565105874,0.00561959384633696,0.199087292175328,0.00220149135209118
PUMADYN32NM,BCM,900,0.0471438728485752,0.000512578373272718,-1.52067317065334,0.00575630175900216,0.235255714451808,0.0127353845777434
PUMADYN32NM,BCM,1000,0.0471439726399786,0.000515133930569765,-1.52067192202022,0.0057822605955246,0.242617253807697,0.00511046922388816
PUMADYN32NM,BCM,1100,0.047149174789014,0.000516198164386291,-1.52060683048543,0.00580165713013625,0.273465992326474,0.001442928844508
PUMADYN32NM,BCM,1200,0.0471542111741338,0.000491886849487657,-1.52054381306033,0.00550814698838723,0.290529543076387,0.00401119038175247
PUMADYN32NM,BCM,1300,0.0471351371298524,0.000488760971761487,-1.5207824757377,0.00546118204368842,0.31757081734682,0.00281549949223036
PUMADYN32NM,BCM,1400,0.0471305683999959,0.000480711044767338,-1.52083964165824,0.00538093495807965,0.344712347401465,0.00184598890993125
PUMADYN32NM,BCM,1500,0.0471143596605987,0.000504830785607899,-1.52104245240379,0.0056988128295661,0.363566759679107,0.00315476122237818
PUMADYN32NM,BCM,1600,0.0471390651268198,0.000509136079056108,-1.52073332694371,0.00574200162701025,0.384066631787002,0.00918358999711417
PUMADYN32NM,BCM,1700,0.0471402461415692,0.000513056859112769,-1.52071854957726,0.00576085732233488,0.416789559353564,0.00241003709520168
PUMADYN32NM,BCM,1800,0.0471413964185056,0.000494665198694676,-1.52070415681559,0.00553201746485945,0.441732961283572,0.000158045189819341
PUMADYN32NM,BCM,1900,0.0471451004621847,0.000481155652797433,-1.52065781022183,0.0053685092266812,0.467984246017905,0.00334469953998468
PUMADYN32NM,BCM,2000,0.0471169215383078,0.000477234430819408,-1.52101039708379,0.00532974315195379,0.498292872921753,0.00410897098839559
PUMADYN32NM,BCM,2100,0.0471255177656988,0.000499548721781644,-1.52090283737521,0.00559386505141808,0.527173933263574,0.00460254171947703
PUMADYN32NM,BCM,2200,0.0471399240816434,0.000485319677056643,-1.5207225793301,0.00542069174595915,0.543968212998489,0.0121011586269085
PUMADYN32NM,BCM,2300,0.0471300467087851,0.000501054732567308,-1.52084616928391,0.00562029415683867,0.576275363329845,0.0156007143858018
PUMADYN32NM,BCM,2400,0.0471382179253804,0.000487966282140185,-1.5207439274939,0.00546104881361586,0.604528810603418,0.00464694674632677
PUMADYN32NM,BCM,2500,0.0471341238355872,0.000501656258122705,-1.52079515451304,0.00560982972788167,0.632497267759563,0.00339953645389333
PUMADYN32NM,RBCM,100,0.0511075467557804,0.00264416369858035,-1.48750977074237,0.0158035480972297,0.0735880130217417,0.000997497102452615
PUMADYN32NM,RBCM,200,0.0473833051408527,0.0005070626566297,-1.51767729043612,0.00554113722464313,0.0898021625392396,0.000957010434978742
PUMADYN32NM,RBCM,300,0.047208259192079,0.000468313428312429,-1.51986754092426,0.00516903277332425,0.105150738286246,0.00130237126998306
PUMADYN32NM,RBCM,400,0.0471703225517818,0.000499087991209896,-1.52034222054701,0.00555522777412749,0.122274491338216,0.000293553868811051
PUMADYN32NM,RBCM,500,0.047169414884598,0.000519647431735656,-1.52035357767071,0.00582076747344796,0.145479083827462,0.00372936568652224
PUMADYN32NM,RBCM,600,0.0471606764276417,0.000510327229068966,-1.52046291701702,0.00570651345413718,0.161812672945006,0.000265173888681416
PUMADYN32NM,RBCM,700,0.0471611384316679,0.00050927318999978,-1.52045713622318,0.00570145337519994,0.179587013138007,0.00097989266458164
PUMADYN32NM,RBCM,800,0.0471280955290836,0.000499236075031315,-1.52087058328677,0.0056071097544353,0.20042702011394,0.00264881198415069
PUMADYN32NM,RBCM,900,0.0471411690420983,0.000513172582840918,-1.52070700184737,0.00576401018047952,0.227561690501105,0.00319878559960563
PUMADYN32NM,RBCM,1000,0.0471410011722973,0.000515850739561714,-1.5207091023068,0.00579054427901854,0.249691210324381,0.00877755907363981
PUMADYN32NM,RBCM,1100,0.0471474497732019,0.000516874332142842,-1.52062841462806,0.00581043772556067,0.278437949075689,0.00264846393199287
PUMADYN32NM,RBCM,1200,0.0471523819069546,0.000489162015682998,-1.52056670164107,0.00547566793757427,0.299790431345192,0.00463724473499993
PUMADYN32NM,RBCM,1300,0.0471308940303053,0.000485569579614638,-1.52083556723122,0.00542231333976033,0.319430647599116,0.00652013578244036
PUMADYN32NM,RBCM,1400,0.0471264902233595,0.000477169923639422,-1.52089066956509,0.00534082634778564,0.349317253807697,0.00389912208479137
PUMADYN32NM,RBCM,1500,0.0471078383297232,0.000504122383576512,-1.52112405011133,0.00569527674862353,0.375309859318684,0.00568817995502331
PUMADYN32NM,RBCM,1600,0.0471356440945362,0.00050921536137284,-1.52077613237669,0.00574615677345598,0.390684362283455,0.00630485245003588
PUMADYN32NM,RBCM,1700,0.0471372305002968,0.000513720756295387,-1.52075628258288,0.00576889989040325,0.42374039065225,0.00312722546404958
PUMADYN32NM,RBCM,1800,0.0471381447461042,0.00049240378711475,-1.5207448431446,0.00550440194785767,0.448620811533543,0.00441435670969706
PUMADYN32NM,RBCM,1900,0.0471426173603926,0.000477306909316104,-1.52068887986355,0.00532176264449507,0.478270491803279,0.00786178633607796
PUMADYN32NM,RBCM,2000,0.0471108174975276,0.000472773131787458,-1.52108677347749,0.00527685845261664,0.499906952679921,0.00715482558926237
PUMADYN32NM,RBCM,2100,0.0471208739481538,0.0004984856078662,-1.52096094282532,0.00558097146795417,0.534608696663179,0.00470955500394011
PUMADYN32NM,RBCM,2200,0.0471367289650526,0.000482022571670993,-1.52076255800839,0.00538090986514725,0.548003860016277,0.00385771983013797
PUMADYN32NM,RBCM,2300,0.0471257202716469,0.000499758451531258,-1.52090030353335,0.00560575497472601,0.575126775956284,0.0012487873343288
PUMADYN32NM,RBCM,2400,0.0471345959694087,0.000484913040113867,-1.52078924697082,0.00542485340376129,0.608693535635391,0.0023528540797468
PUMADYN32NM,RBCM,2500,0.0471303888811913,0.000500774278308283,-1.52084188787503,0.00559808159913174,0.637972328798977,0.00391882681348872
SARCOS,POE,100,0.0713380995979304,0.000737418261612582,-0.970690613218615,0.0419807263826956,1.55756534787007,0.0228792445430425
SARCOS,POE,200,0.044548905023705,0.000594679884815191,-1.2317991777107,0.0468256108885622,1.5481925686561,0.000533120829008823
SARCOS,POE,300,0.0331911653198959,0.000652997431817978,-1.42376562008923,0.0294665776470766,1.56248057772283,0.00252185507953864
SARCOS,POE,400,0.028304166962287,0.000236723155185024,-1.53265371689568,0.0197900255100212,1.57040959874115,0.0019765680323153
SARCOS,POE,500,0.0259076048175578,0.00036638468757141,-1.60117476576584,0.0188667424288707,1.58034472106703,0.00160147696168836
SARCOS,POE,600,0.0246325927169004,0.000342855329827514,-1.63939191718811,0.0202969697935157,1.59407567532127,0.00107545153513606
SARCOS,POE,700,0.0239425073380132,0.000357834439218941,-1.66108493954607,0.0212410681330613,1.60645400696864,0.0011373694080078
SARCOS,POE,800,0.0234381978652605,0.000378574633107038,-1.67823050205002,0.0226317509801077,1.62084669364205,0.00175710104262761
SARCOS,POE,900,0.0231356376187486,0.000381193083340896,-1.68820968261342,0.0226378959761619,1.63494044247125,0.00174453385684575
SARCOS,POE,1000,0.022902704385213,0.000397404973409184,-1.69647914648386,0.0231917510344963,1.65810740324454,0.010015939404649
SARCOS,POE,1100,0.0227110085209645,0.000348788973249082,-1.70291169187798,0.0225230007659709,1.65985340751564,0.0014112990716767
SARCOS,POE,1200,0.0225764758729665,0.000379830555185882,-1.7072507062143,0.0224009593908915,1.67863185530703,0.000671145452129144
SARCOS,POE,1300,0.0224736377561673,0.000361661121824832,-1.71097897434575,0.0226144031326255,1.69439062605373,0.00027478985263971
SARCOS,POE,1400,0.0223966072597799,0.000339456570501589,-1.71400525458177,0.0218088425016482,1.70999778015061,0.00207192404213652
SARCOS,POE,1500,0.0223296185349008,0.000333459625955208,-1.71674087177928,0.021793167470497,1.72727693979244,0.00277045950321041
SARCOS,POE,1600,0.0222818091075357,0.000336917227817008,-1.71869476292843,0.0221791876739765,1.75465426922933,0.000562920633162078
SARCOS,POE,1700,0.0222417676621055,0.000326087194501889,-1.72020571773561,0.0218987096179588,1.77414013337829,0.00184117313262186
SARCOS,POE,1800,0.0221971507182007,0.000331597903004927,-1.72215817725338,0.0224488988460888,1.81274772020531,0.0158954991727362
SARCOS,POE,1900,0.022170534957399,0.000333668999888258,-1.72319249679506,0.0227224663359186,1.81657887302836,0.00086048551202791
SARCOS,POE,2000,0.0221309905082316,0.000346100878277437,-1.72496021237389,0.0233038553511779,1.84087142857143,0.00581964008712869
SARCOS,POE,2100,0.0221057868495625,0.000341545386110619,-1.72615671003732,0.0231412845479227,1.86548484133228,0.0071015289915696
SARCOS,POE,2200,0.0220900674396191,0.000337252966694557,-1.72690661666158,0.0228372212081528,1.88312224157956,0.000780461811269891
SARCOS,POE,2300,0.0220782120441489,0.000335462614459083,-1.72747185548045,0.0227696368222197,1.91049352403432,0.0107317587489149
SARCOS,POE,2400,0.0220570719896406,0.000331474341035744,-1.72846755588403,0.0228254436840039,1.9202404724439,0.00549258194760292
SARCOS,POE,2500,0.0220408849009347,0.000329545636538331,-1.72924044804425,0.0226709048965829,1.9403533756697,0.00135050389739487
SARCOS,GPOE,100,0.0713388680742857,0.000741483565501305,-0.970592857161258,0.0418628990887929,1.54300088044659,0.00906560870685623
SARCOS,GPOE,200,0.044550142140022,0.000588719053059299,-1.23171273152976,0.0468096757958717,1.54170682627103,0.000208236330975304
SARCOS,GPOE,300,0.0331895789072906,0.000649364752864821,-1.42381505932887,0.0294975361092608,1.55429225206999,0.00135795143288139
SARCOS,GPOE,400,0.0283028568677714,0.000238294008711327,-1.53270146690845,0.0198216565275062,1.56378882582144,0.00196769122464639
SARCOS,GPOE,500,0.025906658029187,0.000367126913651615,-1.60120981430467,0.0188734886527571,1.58171505751002,0.010535247888905
SARCOS,GPOE,600,0.0246314524121524,0.000344087029024041,-1.63945087044288,0.0203321533364099,1.59491519800682,0.00945497245676119
SARCOS,GPOE,700,0.0239413363700882,0.000358619514866525,-1.66114223042132,0.0212623368630871,1.5998805233974,0.000687688142091618
SARCOS,GPOE,800,0.0234359511756771,0.000378932560633387,-1.67833030883876,0.0226569706267681,1.61525569480349,0.00186305067767393
SARCOS,GPOE,900,0.0231343620183259,0.000381858713618537,-1.68826984618262,0.0226571890470476,1.62746205275186,0.000624244694551904
SARCOS,GPOE,1000,0.0229011330244731,0.000398243774983385,-1.696555791749,0.0232321248661705,1.64562355850287,0.00551364094830705
SARCOS,GPOE,1100,0.0227091824515415,0.000349510062657468,-1.70300183515272,0.0225456685667002,1.65775256640815,0.0014064359512198
SARCOS,GPOE,1200,0.022574164032912,0.000379747741235514,-1.70735893959666,0.0223922758263783,1.67877853770934,0.000937932539526899
SARCOS,GPOE,1300,0.0224706248590766,0.00036112964973594,-1.71112248586261,0.0226134367669003,1.69553791914878,0.00823890305742417
SARCOS,GPOE,1400,0.0223933404922273,0.000338980018480562,-1.71416235851511,0.0217967534388684,1.70648480948634,0.00149845614579422
SARCOS,GPOE,1500,0.0223256454100924,0.000333206047996883,-1.71693446041369,0.0217860096670284,1.72492531190289,0.000514299977233255
SARCOS,GPOE,1600,0.0222775829528008,0.000337670796287587,-1.71890004390745,0.0221962797359143,1.76458926229815,0.00880638164331678
SARCOS,GPOE,1700,0.0222372201938095,0.000326526869182927,-1.72042434822843,0.0219050899089945,1.77045622494474,0.00201513787395825
SARCOS,GPOE,1800,0.0221919047873922,0.000332581274268541,-1.72240875887034,0.0224763981015844,1.7904857779776,0.00129143891492112
SARCOS,GPOE,1900,0.0221649139568794,0.000334698879377724,-1.72345960063897,0.0227559969397203,1.80777929826533,0.000831158484318192
SARCOS,GPOE,2000,0.022123362000722,0.000348413929451971,-1.72532187650137,0.0233786316819685,1.82819102506463,0.000592972596054738
SARCOS,GPOE,2100,0.0220973974958105,0.000343894529143371,-1.72655454572737,0.0232214781845365,1.84924453561125,0.00188079127454425
SARCOS,GPOE,2200,0.022081857780189,0.000339723108119086,-1.72729587850855,0.0229166592642844,1.89969495710165,0.00177864093067044
SARCOS,GPOE,2300,0.0220699161546776,0.000338147754993496,-1.72786546251593,0.022862271450104,1.93009137911656,0.0291900853718531
SARCOS,GPOE,2400,0.0220472284508735,0.000333753014270077,-1.72893351656081,0.0229349647180065,1.9250531771009,0.00209218434857445
SARCOS,GPOE,2500,0.0220301996803329,0.000331463379723687,-1.729746932295,0.0227584381695942,1.9623468228991,0.0118733446357682
SARCOS,MOE,100,0.0713391938260317,0.000713565185747759,-0.971200471648151,0.0426234700169782,1.53408074631898,0.00144965899932999
SARCOS,MOE,200,0.0445532990058354,0.000620997507223626,-1.23213322410415,0.0468645658791608,1.54331289198606,0.00139408488147223
SARCOS,MOE,300,0.0332092129250135,0.00067764555105188,-1.42329845616475,0.0291190074046572,1.55440599078341,0.00235217121899563
SARCOS,MOE,400,0.0283169893142306,0.000226093944704141,-1.53221919571053,0.0195134469500476,1.56426661608782,0.002663471152625
SARCOS,MOE,500,0.0259164916274752,0.000361317248736797,-1.60084661307591,0.0187623564546788,1.57067383762317,0.00210146954309579
SARCOS,MOE,600,0.0246420410219992,0.000335228878948918,-1.63893696176845,0.0200242505537148,1.58395995841295,0.00149939876167242
SARCOS,MOE,700,0.0239525859125616,0.00035266305506185,-1.66061164250125,0.0210366351798887,1.5951160203814,0.00130288401271317
SARCOS,MOE,800,0.0234549533208877,0.000375414981573139,-1.67749085410805,0.0224024898820423,1.60625563485819,0.000991674493312164
SARCOS,MOE,900,0.0231476044820198,0.000376434148785198,-1.68767297911697,0.0224380161247772,1.62391415833052,0.00503425616021016
SARCOS,MOE,1000,0.0229165388305797,0.000392063154305958,-1.69583327769678,0.0228812030662722,1.63840863212319,0.00486142016700259
SARCOS,MOE,1100,0.022726865930569,0.000345145541039695,-1.70215442113738,0.0223727815164305,1.66178553632311,0.00914331166071046
SARCOS,MOE,1200,0.0225987826956515,0.000377866511341077,-1.70621383863798,0.0223361334652971,1.66900381027313,0.00110353163264841
SARCOS,MOE,1300,0.0225007551058755,0.000363452852796373,-1.70970134025206,0.0225341112159297,1.68426005020419,0.00200024826773104
SARCOS,MOE,1400,0.0224255798722658,0.000341538590394952,-1.71262903278275,0.021829167387549,1.70027813307857,0.00165095067162925
SARCOS,MOE,1500,0.0223626480755862,0.000334390986332485,-1.71515003449847,0.021788872926169,1.71544321868795,0.00330726189964386
SARCOS,MOE,1600,0.0223170631516654,0.000332151636089044,-1.71700040913516,0.0220158489323899,1.74167138173916,0.00255397699176945
SARCOS,MOE,1700,0.0222788136949916,0.000323455513328619,-1.7184334633538,0.0218120849579833,1.76040529579259,0.0022747803130407
SARCOS,MOE,1800,0.0222391138005057,0.000324415676416266,-1.72015944247686,0.0221914267614222,1.7785094095388,0.000331738618519273
SARCOS,MOE,1900,0.0222144063898169,0.000325611060641084,-1.72111030651439,0.0224066784357217,1.79875250833614,0.00276564138169575
SARCOS,MOE,2000,0.0221899153818079,0.000329599381001759,-1.72216650532859,0.0227076777096593,1.82179523622195,0.00884678895741045
SARCOS,MOE,2100,0.0221697391559049,0.000325007147360255,-1.72312477919307,0.0224933041417643,1.84167319321119,0.00883921795941855
SARCOS,MOE,2200,0.022153549385178,0.000320368462218501,-1.72389714326391,0.0221991292197067,1.85637700535761,0.00168296645851018
SARCOS,MOE,2300,0.0221414931685404,0.00031824390776859,-1.72446948795233,0.022091094361479,1.87752401371249,0.00164294682561879
SARCOS,MOE,2400,0.0221305804082099,0.000316123538798239,-1.72498614142469,0.0220235435585213,1.90234309317748,0.0021328235513739
SARCOS,MOE,2500,0.0221199203501157,0.000315999284756366,-1.72549300529376,0.0219917085603111,1.92596742160279,0.00113255008786715
SARCOS,BCM,100,0.0712965396974911,0.000720494714973001,-0.969999928270299,0.0416730709581621,1.52726323479825,0.000984378880648134
SARCOS,BCM,200,0.0444932663344,0.000558380969130247,-1.23282844039604,0.0467597413103968,1.53671795549061,0.000273796097165029
SARCOS,BCM,300,0.03314000654664,0.000634164491976251,-1.42514889961812,0.0297075376866132,1.5532188771496,0.00293089875003384
SARCOS,BCM,400,0.0282607711885135,0.000236913184805479,-1.53412085471309,0.0198012601363456,1.56057006106927,0.000815110392776977
SARCOS,BCM,500,0.0258724950982211,0.000359765139523103,-1.60256197944468,0.018700494085751,1.57800288674085,0.00860797925148892
SARCOS,BCM,600,0.0246043066708532,0.000335533208079883,-1.64060106933675,0.0200994516279713,1.58642552171144,0.00343641803830501
SARCOS,BCM,700,0.0239206120130296,0.00034870020591764,-1.66210687345179,0.0209621396848858,1.59626688584167,0.00143008724741489
SARCOS,BCM,800,0.0234163867036827,0.00036874588665786,-1.67925221528086,0.0223535359968158,1.61227019032633,0.00175380097287906
SARCOS,BCM,900,0.0231151435968204,0.000370432200657975,-1.68920054477503,0.0223333461331915,1.62553516353827,0.000151393284498822
SARCOS,BCM,1000,0.0228820481173666,0.000387250067562529,-1.69746754244251,0.0229085448564447,1.6390465044397,0.00236414007622292
SARCOS,BCM,1100,0.0226908962066213,0.000338922542817045,-1.70386563034988,0.0222595936601416,1.6547747293095,0.0039209575962114
SARCOS,BCM,1200,0.0225560684712546,0.000371188837969549,-1.70821345223829,0.0221814259705514,1.67196099434266,0.000718774098167263
SARCOS,BCM,1300,0.0224537327652219,0.000353523236335105,-1.71191796892395,0.0224287697636158,1.68830531639879,0.00103391673998267
SARCOS,BCM,1400,0.022377403715261,0.000331361418860448,-1.71491443494098,0.0216160839236635,1.70507923644674,0.00223968722701581
SARCOS,BCM,1500,0.0223105328987122,0.000325350861945314,-1.71764640193858,0.0216028084456372,1.72979963658162,0.0070602600531874
SARCOS,BCM,1600,0.0222627624328304,0.00032907488709825,-1.71959892894742,0.021991143759081,1.74829875051516,0.00175633824280789
SARCOS,BCM,1700,0.0222227100881677,0.000318308972164038,-1.72111290815827,0.0217041075322747,1.76776520737327,0.0023146706007066
SARCOS,BCM,1800,0.0221781336470345,0.000324210054146097,-1.72306471840282,0.0222606716265127,1.78589325428047,0.00200191711782198
SARCOS,BCM,1900,0.0221516833569826,0.00032634335578838,-1.72409305010498,0.0225342601393878,1.80585617436589,0.00159666404042185
SARCOS,BCM,2000,0.0221120687220499,0.000339234143625061,-1.7258646240928,0.02312524198337,1.82522534000225,0.00156381843559008
SARCOS,BCM,2100,0.0220869971075448,0.000334735814550638,-1.7270547948085,0.0229656464577954,1.8446001798359,0.00157452552450888
SARCOS,BCM,2200,0.0220712345219663,0.000330339803055205,-1.72780674944776,0.0226564483954963,1.8750368757259,0.0134151961649696
SARCOS,BCM,2300,0.022059482711129,0.000328505531311228,-1.72836699959408,0.0225871493181426,1.9094640833989,0.0252942832709554
SARCOS,BCM,2400,0.0220381369820726,0.000324667924084494,-1.72937211192567,0.0226573382512696,1.92016217076917,0.00665624093775214
SARCOS,BCM,2500,0.0220220995442406,0.000322836560241894,-1.73013793545882,0.0225073504087447,1.94389832340489,0.0122325608033352
SARCOS,RBCM,100,0.0712926185285278,0.000721762769946975,-0.969787605583951,0.0415207016229875,1.52880938331273,0.0028901275495354
SARCOS,RBCM,200,0.0444883098303758,0.000547507498967345,-1.23283871051123,0.0467389920380678,1.53816368251471,0.000794572297281661
SARCOS,RBCM,300,0.0331329211146704,0.000628093201938081,-1.42533461145663,0.0297702421260241,1.55217278483384,0.000869743274801703
SARCOS,RBCM,400,0.0282548362188974,0.000238501858177824,-1.53431488179674,0.019834660449155,1.5627326008767,0.000551309206237927
SARCOS,RBCM,500,0.0258680056131777,0.000359654997720819,-1.60273087689494,0.0186862290335134,1.5731518770372,0.000926209417804536
SARCOS,RBCM,600,0.0246005692022729,0.000335762948692949,-1.64076828956907,0.020107126861867,1.5850101082762,0.000553562486000453
SARCOS,RBCM,700,0.0239177520328707,0.000348186391855075,-1.66224397593989,0.020942349446284,1.59771014012214,0.000920191765225381
SARCOS,RBCM,800,0.0234124470409507,0.00036778268523907,-1.67943164630455,0.0223397726844067,1.61277397624668,0.000639207621634517
SARCOS,RBCM,900,0.0231123374945543,0.000369699264053694,-1.6893366926163,0.0223113307996781,1.62757372897231,0.00145241292729831
SARCOS,RBCM,1000,0.022878921530726,0.000386792637839397,-1.69761985481982,0.0229117084457844,1.64724578696939,0.0027802915721029
SARCOS,RBCM,1100,0.0226876040759429,0.000338399453821205,-1.70402586110778,0.0222494664887029,1.65660765426548,0.000456926865421226
SARCOS,RBCM,1200,0.0225522460951608,0.000370102991079344,-1.70839287567905,0.0221497934532179,1.67666560638417,0.000461730618025275
SARCOS,RBCM,1300,0.0224492907137954,0.000352073580551425,-1.71212859261192,0.022410210455233,1.69149614289461,0.000406950505042709
SARCOS,RBCM,1400,0.02237280199832,0.000329943929913281,-1.71513453414573,0.0215843271777975,1.70728597092653,0.000746193968575819
SARCOS,RBCM,1500,0.0223052110429052,0.000324120462927944,-1.71790384037787,0.021574492953907,1.72909836836387,0.0071222278223852
SARCOS,RBCM,1600,0.0222571469828339,0.000328914000540345,-1.7198700000843,0.0219878081945735,1.75325084485407,0.00121055880631863
SARCOS,RBCM,1700,0.0222167740262564,0.000317829156298323,-1.72139767001225,0.0216888087855961,1.77105238282567,0.00108145813164309
SARCOS,RBCM,1800,0.0221715229812057,0.000324308202450908,-1.72338046325901,0.022266783700899,1.78917423850736,0.00188787266404775
SARCOS,RBCM,1900,0.0221447317394507,0.0003264717448041,-1.7244239574842,0.0225455206243624,1.81510476190476,0.00855599112116903
SARCOS,RBCM,2000,0.0221030831963674,0.000340755814537707,-1.72629147637406,0.023180687115806,1.83434378629501,0.00529757723536773
SARCOS,RBCM,2100,0.0220772654775896,0.00033630241098394,-1.72751710629639,0.0230270368607555,1.84986133715485,0.00181701547268169
SARCOS,RBCM,2200,0.0220616789262377,0.000332031021875377,-1.728260647411,0.0227176523986224,1.87195683376419,0.000455302765889341
SARCOS,RBCM,2300,0.0220498487884938,0.000330379537981969,-1.72882486439465,0.022659962647288,1.89411337716833,0.00040216493072204
SARCOS,RBCM,2400,0.0220271000138655,0.000326267151009283,-1.72989561717435,0.0227479843895074,1.919346564385,0.00164308465084875
SARCOS,RBCM,2500,0.022010237397201,0.000324064368203796,-1.73070120049832,0.0225755083239451,1.94381716870855,0.000429598635693779
